question|first_chunk|first_question|chunks|questions|decision
Здравствуйте. Как пройти обучающие видео по программе?|64d86acd-2cab-4504-9a61-08c6fb78d535|8c7d7aa7-5d9c-451e-92ab-de01d69a6e3b|[7.143195855235987, 7.071256141445328, 6.901048601486064, 6.808510251596175, 6.646906343516239, 3.7648942771067437, 2.977499113967161, 2.9318362526662645]|[4.231909808536104, 4.037738421479279, 3.9917301799300904, 3.7648942771067437, 3.757207398671815, 3.5513716644535704]|{'show_chunks': 0, 'show_questions': 0, 'category': 'Нет данных в БЗ, попробуйте переформулировать вопрос'}
добрый день, реально вернуть действия на 1 шаг назад? если случайно удалила статистику|45417cb5-a536-4216-aa77-1dd69cbf9bbe|4bab8cbf-4886-434d-8353-e54ba067f861|[6.294409505847353, 6.196645802277673, 6.175983941847802, 6.129536628040145, 6.035894377818268, 2.92797828119748, 2.884106879564431]|[6.56640577375996, 3.5305581795963428, 3.3044141240071943, 3.3017332449576253, 3.193059519522766, 3.119312492074925]|{'show_chunks': 0, 'show_questions': 0, 'category': 'Нет данных в БЗ, попробуйте переформулировать вопрос'}
Подскажите мы запрашивали тариф для нашей организации менеджер пообещал вернуться с обратной связью|25ef7439-791a-439c-93ae-46eab7e1aee9|ccc37f63-cdef-439f-a978-f1a51c4510c9|[6.366718426053309, 3.2523590300701213, 3.1710699024129365, 3.114125561849084, 3.093643039088526, 3.041131880320485, 3.023040544655628]|[6.277123705711151, 3.1710699024129365, 3.041131880320485, 3.023040544655628]|{'show_chunks': 0, 'show_questions': 0, 'category': 'Нет данных в БЗ, попробуйте переформулировать вопрос'}
Если мне необходима консультация, чтобы понять насколько ваш сервис подходит для нашей компании, что мне необходимо сделать?)|25ef7439-791a-439c-93ae-46eab7e1aee9|1b91cbc9-7f43-41d1-a8fa-87b938a6936e|[6.66469737053601, 6.475716237945116, 3.807885492090858, 3.637681445374879, 3.0270303819580704, 2.977535839960175, 2.9543994309988353]|[7.212320842906846, 3.807885492090858, 3.637681445374879, 3.609990099928111]|{'show_chunks': 0, 'show_questions': 1, 'category': 'Нет данных в БЗ, попробуйте вопрос из списка предложенных'}
Здравствуйте , задачи с гугл календаря попадают только в календарь,??|2bd506c7-b0bc-455d-aa08-50f131ffca81|19153847-4490-4fe8-860e-dba149125430|[8.303714683986932, 8.164978721867937, 7.688626418794179, 7.651376492323662, 7.335216073365414, 3.8387770985584235, 3.681567493255008]|[9.010684239521495, 4.7722734397544855, 4.615789003079996, 4.519341235770838, 4.197345501484013, 4.102257294436356, 4.045062432807187, 4.021113630649517, 3.801290478113123]|{'show_chunks': 4, 'show_questions': 1, 'category': 'Есть данные в БЗ, если не получили ответ, попробуйте вопрос из списка предложенных'}
Как мне изменить статус заявки из согласованной в оплаченную если вся сумма уже оплачена?|1d12bcd9-d444-4f72-b6eb-da952dcc13ad|a27a38f6-060f-4a3a-983d-e33a849875c1|[9.394086893217633, 8.99660921295812, 8.261563080450394, 7.932661090421146, 4.394949370452631]|[10.582933974986934, 10.445721877014698, 9.981058310797465, 4.816579592113279, 4.215879818943398, 4.160956017993788, 4.050431655006264, 3.9506943119870956, 3.892329307653617, 3.890277816102162]|{'show_chunks': 3, 'show_questions': 3, 'category': 'Есть данные в БЗ, если не получили ответ, попробуйте вопрос из списка предложенных'}
Подскажите пожалуйста, где можно отключить уведомления на почту..? кто-нибудь начинает добавлять задачи у меня завал на почте|83eae361-e90c-4d31-a10a-ee0e9cdefce4|d56cba79-9d56-44f6-a4b0-1d1ff7a97e0a|[7.560056668076182, 7.347446973131779, 6.748868850737352, 2.9956794705302463]|[8.815130475344109, 8.401503760328996, 7.680138576495587, 7.316472336959006, 3.4429590884782098, 3.3796887491172924, 3.276887682346188]|{'show_chunks': 1, 'show_questions': 3, 'category': 'Есть данные в БЗ, если не получили ответ, попробуйте вопрос из списка предложенных'}
Просьба подсказать, как можно поменять почту у действующего сотрудника в Платрум, чтобы ему повторно не проходить курсы.|cbfb68bc-524c-4797-87ee-7d6b3c09c109|00e8d565-e112-48b5-9d56-f146ac02cd68|[7.225874741647441, 3.870548131031721, 3.831631461041623, 3.794185768424671, 3.786214448136503, 3.6793439417488205, 3.4132430579432103, 3.185983902224577]|[3.870548131031721, 3.831631461041623, 3.794185768424671, 3.6793439417488205, 3.58226658877467]|{'show_chunks': 0, 'show_questions': 0, 'category': 'Нет данных в БЗ, попробуйте переформулировать вопрос'}
Здравствуйте, как можно добавить видео с хостинга Vimeo в обучение?|cdde4189-adff-47f4-89f8-5f2be35d03e4|29e0b896-10c1-4fbf-9f14-bfc88087e539|[6.835258137182535, 6.75440674202444, 6.523088647626537, 6.487413927198457, 6.278146853739623, 4.035203249671349, 3.702170332728744]|[7.363198112308178, 4.035203249671349, 4.0082931442035195, 3.702170332728744, 3.54381878575761, 3.5030973521543656, 3.3020753877900755]|{'show_chunks': 0, 'show_questions': 1, 'category': 'Нет данных в БЗ, попробуйте вопрос из списка предложенных'}
Пишу правильный ответ на текст, пишет допустили ошибку|7b27e1f3-04e8-47eb-a2e1-3ce57b77c916|3983d450-3841-4237-b3b2-a50d2eb41916|[6.198656477256251, 6.084028163009391, 5.867317751874086, 5.797104107465132, 3.364813532725935, 3.3062749243450793]|[6.53451272615691, 3.4054826814243127, 3.325104283496521, 3.3062749243450793, 3.039908041111885, 2.962138453869088, 2.8783021581326773, 2.784920489609842]|{'show_chunks': 0, 'show_questions': 0, 'category': 'Нет данных в БЗ, попробуйте переформулировать вопрос'}
есть ли возможность загрузить в Platrum опросник 360 для прохождения анонимного опроса всеми сотрудниками компании использующими в работе программу.|352ed0ca-873d-4918-9ea1-685f8ff24685|00e8d565-e112-48b5-9d56-f146ac02cd68|[6.899774209455433, 6.867678716792831, 6.686212936318091, 6.544793587323545, 3.556204831963165, 3.467285342935877, 3.458925250282811]|[7.109816924443345, 3.556204831963165, 3.467285342935877, 3.4582835615842558, 3.437774108343303, 3.233471482139333]|{'show_chunks': 0, 'show_questions': 1, 'category': 'Нет данных в БЗ, попробуйте вопрос из списка предложенных'}
Как вставить тесты и практические задания в обучающий курс?|816176dd-8035-4812-bcdc-27528aad8b6a|7fa573e7-e9d7-488b-8620-e44f5e703820|[8.893104097210678, 8.782453825245877, 8.5183914310024, 8.393185754109929, 5.030089151988017, 3.9536283564139354, 3.801039863393605]|[10.267321138509287, 5.030089151988017, 4.891943799500242, 4.842553655767766, 4.668798028872597, 4.617680669900497]|{'show_chunks': 4, 'show_questions': 1, 'category': 'Есть данные в БЗ, если не получили ответ, попробуйте вопрос из списка предложенных'}
Подскажите, как пересдать экзамен, если есть неверные ответы?|d780eb80-c2ad-487e-bd3e-58012b91f7b7|05dab6b4-15b6-4471-b999-0c9f190352b5|[7.518110336283401, 7.512698644994357, 7.377043626026486, 7.305073221424386, 7.25524939103687, 3.226954891686731]|[5.1923366591363225, 5.150923935277326, 4.563113669622802, 4.453275024149688, 4.223127372206229, 4.198591811887891, 4.131121593567579, 4.038747354473393, 3.8652325917597907, 3.7514013630266447, 3.6986966764958535, 3.66080923637096, 3.6584714646388656]|{'show_chunks': 2, 'show_questions': 0, 'category': 'Есть данные в БЗ'}
Менеджеры могут и писать курс и проходить его потом?|6727190c-5616-4d6f-8911-d9ca09839807|d3326b1a-9420-4ac2-9588-b3572b249377|[7.42423364469781, 7.315029516754965, 7.24286816458207, 4.760071185938153, 4.251180275203176, 3.4100632053795255, 3.3435375315576294, 3.3332318760706157]|[4.760071185938153, 4.251180275203176, 4.1149490086582174, 4.063317869334661, 3.8583000792945543]|{'show_chunks': 0, 'show_questions': 0, 'category': 'Нет данных в БЗ, попробуйте переформулировать вопрос'}
Подскажите, пожалуйста, как перенести статью из папки в папку|5b008c01-b230-4229-a063-0df647a84d84|f7628b70-0241-45e1-9be0-3950519e93dd|[6.999277043202854, 6.115856959081422, 3.648795404103727, 3.4647630575143884, 2.854391822630849, 2.8023971319938448]|[7.229201733923983, 3.648795404103727, 3.575108597559871, 3.3610251906366093, 3.292683338494951, 3.2679952421157488]|{'show_chunks': 0, 'show_questions': 1, 'category': 'Нет данных в БЗ, попробуйте вопрос из списка предложенных'}
Подскажите, возможно ли в текстовом редакторе внутри базы знаний сделать картинку- полоску для разделения текста.|adaefacb-490c-423b-9dfa-11175e47fb38|8b397e17-0ef6-49e1-94ce-5d10c01b3af3|[8.114689561007673, 7.20890642578067, 7.069359559519782, 6.837365487003813, 4.047830959814208, 3.7653480225724962, 3.484822823021178]|[7.505400602365846, 4.740519718381095, 3.7653480225724962, 3.700307410268094, 3.3906349390963753]|{'show_chunks': 1, 'show_questions': 1, 'category': 'Есть данные в БЗ, если не получили ответ, попробуйте вопрос из списка предложенных'}
новости в компании каждый сотрудник может публиковать?|1e3837f6-2312-4c33-9280-007794b846c3|fb83e419-fba4-4ed4-824f-9ff45d74c812|[7.654151288839477, 7.549901370738075, 6.979259155051457, 6.789651955285505, 3.9208492688085346, 3.1431910519222175]|[8.58797680810301, 8.529100950055746, 4.018706855134094, 3.9208492688085346, 3.4914185919132152]|{'show_chunks': 2, 'show_questions': 2, 'category': 'Есть данные в БЗ, если не получили ответ, попробуйте вопрос из списка предложенных'}
Здравствуйте есть api на бронирование?|49c102ef-7d23-44f6-9094-c65de73fcea1|c09a66db-3bdc-4d75-9ca6-556e93ac8b97|[6.890709419913738, 3.4259240503020543, 2.787722878291384, 2.62917470333036]|[7.921534520816365, 7.495168042144309, 7.379956990760877, 7.221315388331485, 3.1920528667317485]|{'show_chunks': 0, 'show_questions': 4, 'category': 'Нет данных в БЗ, попробуйте вопрос из списка предложенных'}
как добавить права сотруднику и какие чтоб он мог делать курсы и выставлять их|5f00f7c5-3f2d-4e8f-8552-f4d8bffed666|a99da018-3afa-48ee-af84-f8188468e466|[9.206224850378533, 9.023958213382677, 8.54378117162193, 8.280034156939603, 8.025876187576024, 4.340756793454356, 4.3127238496445015]|[10.035940521203283, 4.853627773895951, 4.400854243155018, 4.277202602235222, 4.213564731081364, 3.849810007426685]|{'show_chunks': 5, 'show_questions': 1, 'category': 'Есть данные в БЗ, если не получили ответ, попробуйте вопрос из списка предложенных'}
Работает ли Платрум в Азербайджане?|232f2242-0093-4cc5-954a-b87f332e9c76|cc232e84-4e69-4213-ac02-e421276d2071|[6.79750158577109, 6.650284737082005, 6.596879702242811, 6.311262051162572, 2.9910928018407366, 2.889762085576299]|[7.9990771430247385, 7.600589807242125, 3.9592521105159184, 3.8241614966577484, 3.4648807660185423]|{'show_chunks': 0, 'show_questions': 2, 'category': 'Нет данных в БЗ, попробуйте вопрос из списка предложенных'}
в БП есть опция отмены создания БП?|1b69c0ad-9164-4615-90f8-1d7cf20922d4|c107dccf-afd5-4528-945f-743e422437d7|[6.082610940764196, 3.333597800255148, 3.3027914202942372, 2.691306959442188, 2.6139777062995395, 2.6079917276568545, 2.6042689156713283]|[3.6835155087904186, 3.4029807999873434, 3.333597800255148, 3.3027914202942372]|{'show_chunks': 0, 'show_questions': 0, 'category': 'Нет данных в БЗ, попробуйте переформулировать вопрос'}
есть ли у БП параметр успешности\неуспешности закрытия? Н-р, при выборе одного селекта + завершить БП будет помечен как успешно закрытый, другого + завершить - как неуспешно закрытый.|2487842b-b73c-449d-82e8-b1a1b7d742db|d7811109-e36e-45ce-91e6-daa4783f251c|[5.3333684325149555, 5.321852143651164, 2.7364348254271005, 2.7239330898813283, 2.646258180431885, 2.6368144824428246, 2.617450024618722, 2.599256764979444]|[2.8498436105390708, 2.740691557898181, 2.7364348254271005, 2.7239330898813283]|{'show_chunks': 0, 'show_questions': 0, 'category': 'Нет данных в БЗ, попробуйте переформулировать вопрос'}
как сделать чтоб сотрудник мог видеть и вносить суммы в расходах и доходах только своей кассы и типов его отдела|060fe14b-2bad-4f9a-b0ab-acce8d38d84d|5b98caf9-bfee-4600-a185-7492b18f6fa0|[8.210522440001183, 8.183601131416456, 7.773914406323529, 4.999271364909109, 4.022793216895946, 3.9536143811018865]|[5.137594631027034, 4.868201178282769, 4.702094334675671, 4.458097130234907, 4.373062210616132, 4.085976588680892, 3.9117349371465475, 3.7195285036766923]|{'show_chunks': 3, 'show_questions': 0, 'category': 'Есть данные в БЗ'}
Как создать виджет в дашбоорд?|e7dc1ff9-405c-4a15-82d3-8c636e2b012e|d42eb310-3b28-4e45-996c-74c00513c71c|[12.631576235856706, 11.395127349497779, 10.309519444793684, 8.296726445679743, 8.274327780464592, 4.577951187886226]|[17.406447226404417, 14.458556104820179, 7.613280117748614, 6.58170981416138, 4.982698657752155, 4.455847191666555, 4.373083298123042, 4.172935440841312]|{'show_chunks': 2, 'show_questions': 1, 'category': 'Есть данные в БЗ, если не получили ответ, попробуйте вопрос из списка предложенных'}
работает ли Platrum в Китае?|352ed0ca-873d-4918-9ea1-685f8ff24685|cc232e84-4e69-4213-ac02-e421276d2071|[6.387972388510736, 6.387486042197873, 6.148565271979706, 6.134334183195249, 2.934176958831283, 2.8105519395942653, 2.6816306668338568]|[7.451869810866906, 3.782386933404515, 3.6528418785298205, 3.5399936910980125, 3.499400852385254]|{'show_chunks': 0, 'show_questions': 1, 'category': 'Нет данных в БЗ, попробуйте вопрос из списка предложенных'}
где я могу получить информацию о том,что такое Программа обучения и как с ней работать?|64d86acd-2cab-4504-9a61-08c6fb78d535|959b6da4-3036-45cd-b54a-885986063660|[8.33182420299065, 7.303902169866516, 5.255184521884443, 4.73272213351989, 4.637118694006069, 3.32657682956148, 3.1887130476497108, 3.1885636624544857]|[5.300739225123228, 5.255184521884443, 4.73272213351989, 4.637118694006069, 4.1839568133034]|{'show_chunks': 1, 'show_questions': 0, 'category': 'Есть данные в БЗ'}
Где могу посмотреть удаленные статьи на платрум?|d11dab22-adee-4892-b064-415d24c5c3ee|56ba3953-eef6-4c43-81b8-39d6d9db75ec|[7.104867616690303, 4.4608465515264415, 4.333490011462537, 4.162810775429833, 3.0419507107705464, 2.9634781674823176, 2.9442811142425858, 2.9046866620642193]|[4.4608465515264415, 4.333490011462537, 4.27195560401134, 4.162810775429833]|{'show_chunks': 0, 'show_questions': 0, 'category': 'Нет данных в БЗ, попробуйте переформулировать вопрос'}
как мне скопировать ссылку так, чтобы при открытии открылся сразу нужный заголовк?|cd26512e-2b67-4cc0-aade-c4565d6c4381|55f20974-b338-49ef-8fdd-cfb58b8bba07|[7.376720788850413, 7.367265528450907, 6.7469622707165335, 6.510472488787787, 6.479008176163827, 2.7386497146916127, 2.688822307145553]|[8.757795039331791, 4.134527008510949, 3.8908624467845545, 3.860675520923881, 3.8506631216938016]|{'show_chunks': 0, 'show_questions': 1, 'category': 'Нет данных в БЗ, попробуйте вопрос из списка предложенных'}
Подскажите, пожалусйта, как удалить демо-данные по метрикам|b7aa1a22-d2be-48e7-8000-701a5d18bdf7|51e8a085-6ca6-4c29-87aa-80efa3b66c73|[7.002972147426959, 6.887266631758516, 6.709496376264312, 3.8786614409329565, 3.6550354943667602, 3.6269854446842658, 3.2614460420557245]|[7.142559103407631, 3.8786614409329565, 3.8320651120625357, 3.6550354943667602, 3.4000505025735643]|{'show_chunks': 0, 'show_questions': 1, 'category': 'Нет данных в БЗ, попробуйте вопрос из списка предложенных'}
мы можем перенести влю базу знаний на другой аккаунт?|83dda021-5022-412d-ac58-62869599e38d|3bdb6214-8412-472a-8034-96401b7beb8a|[7.567703920368751, 6.8888364303477925, 6.853604674872034, 3.7600151949542893, 3.6718285063464453, 3.430546788624644, 3.2570775050994922]|[8.195469468764365, 3.7600151949542893, 3.6718285063464453, 3.66182878022424, 3.52995945343457, 3.5027499479615436]|{'show_chunks': 1, 'show_questions': 1, 'category': 'Есть данные в БЗ, если не получили ответ, попробуйте вопрос из списка предложенных'}
Скажите, есть возможность в P&L отчете в формулах учитывать проценты?|c0794c76-fa4f-4572-8f5c-2d7c980d0ef5|e569e7e2-3f84-415c-bb4d-bee926f0abbf|[8.475355709755345, 8.474988573567247, 8.21512323860511, 8.149909852385118, 7.675354202338559, 7.367415871888527]|[9.648266359343118, 5.464809322075304, 4.7595101032968055, 4.688610424233854, 4.47734704924091, 3.9820318378061486, 3.8835851485393746]|{'show_chunks': 5, 'show_questions': 1, 'category': 'Есть данные в БЗ, если не получили ответ, попробуйте вопрос из списка предложенных'}
в каком из инструментов планирования задач мне будет удобней всего отслеживать именно просроченные задачи - чтобы они подсвечивались красным например|d4e24fd9-1738-478f-a8a2-3a0f1d752cac|7c91b102-e0e5-4562-9212-6acced4163f6|[8.23536304788542, 7.780940764473541, 7.513570104897252, 7.482214207321475, 7.4364753764884615, 7.385440943922566, 4.447449489346485, 3.935501025147638]|[4.361203156158216, 4.2234138801690655, 4.090770186015852, 4.086216922302597, 3.8140637727259192, 3.562524180557791]|{'show_chunks': 4, 'show_questions': 0, 'category': 'Есть данные в БЗ'}
орг структуру внутри статьи нарисовать можно?|5199fd2f-d92f-44a5-b185-7d365ea7847e|fd6fcfd7-3135-456f-a8f2-4f812631b705|[6.981760952096896, 6.935534227676843, 6.884982805255637, 6.483917054124678, 3.170134269339469, 3.1201144926122564, 2.9991892979463226]|[7.5240553577385025, 3.988787222921406, 3.975514538982976, 3.744967785254075, 3.529504230638151, 3.2998889102186864]|{'show_chunks': 0, 'show_questions': 1, 'category': 'Нет данных в БЗ, попробуйте вопрос из списка предложенных'}
как сохранить работу над ошибками?|b8c8eb2b-933c-4bb8-8601-4500b51c7b8d|3983d450-3841-4237-b3b2-a50d2eb41916|[7.908543455488913, 7.127778890946432, 6.908206498563576, 4.470443877093554, 4.315180290911476, 3.516281428836406]|[9.073513059806428, 4.470443877093554, 4.342068386502519, 4.288623152924371, 3.9842437146912615, 3.6881959245047424]|{'show_chunks': 1, 'show_questions': 1, 'category': 'Есть данные в БЗ, если не получили ответ, попробуйте вопрос из списка предложенных'}
В карточку задачи скриншот по принципу ctrl+v вставить не получится?|a7c5401a-1f63-41df-9fde-6bbfcf7432b0|4c090d71-3fd5-4895-b5db-e4c95ae7752d|[6.997390200464597, 6.803296302089297, 4.23062123920026, 3.8692885946593574, 3.167482268218122, 3.1421941117535033]|[8.308051361107164, 7.693849539645263, 4.23062123920026, 3.8692885946593574, 3.6631024093261733, 3.5595200979178974]|{'show_chunks': 0, 'show_questions': 2, 'category': 'Нет данных в БЗ, попробуйте вопрос из списка предложенных'}
почему я не вижу доступных курсов в разделе Академия?|a340b6f1-7097-4f82-8be6-fce64b1efe60|36e56f13-465d-4a19-877a-979105da839a|[7.634880658500895, 7.328250020265127, 7.3121246554868495, 7.2035545624804085, 3.6108789429517745, 3.4786071112413213, 3.4190386871973457]|[4.28486297209154, 4.280250357108142, 4.156621112152504, 4.111165442934575, 3.9100096426396944]|{'show_chunks': 1, 'show_questions': 0, 'category': 'Есть данные в БЗ'}
можно ли секции в оргсхеме менять местами?|5b008c01-b230-4229-a063-0df647a84d84|b62fe376-e357-4e2d-bf6b-be9cced9efa1|[6.251433209349243, 6.115828361524061, 5.971088562073298, 3.7355445726867678, 3.4751467136393352, 3.4614993874316404, 2.773469920463587]|[6.8390363378599295, 3.7355445726867678, 3.4751467136393352, 3.4614993874316404, 3.322264738733688, 3.2009933502542234, 3.171398688471414]|{'show_chunks': 0, 'show_questions': 1, 'category': 'Нет данных в БЗ, попробуйте вопрос из списка предложенных'}
можно как-то, чтоб метрики не удалять, а в архив отправлять?|f93d244e-4752-4c11-a4bf-1bdc3d56b572|cc3ef8a3-c54a-4c09-8fc5-5027e55f6680|[9.361566476566583, 8.772894462270841, 8.624019541020035, 3.9931676464998467]|[10.52057159035867, 9.821973690685287, 9.519760451571129, 9.291780467735034, 4.352582958937409, 4.3317557540355045, 4.263127937421737, 4.082304943304213]|{'show_chunks': 3, 'show_questions': 4, 'category': 'Есть данные в БЗ, если не получили ответ, попробуйте вопрос из списка предложенных'}
может ли один курс быть в разных программах?|64d86acd-2cab-4504-9a61-08c6fb78d535|8c7d7aa7-5d9c-451e-92ab-de01d69a6e3b|[7.204695638486827, 7.065592757423153, 6.777889913457274, 6.738390328180648, 4.086471219088497, 2.9469085523359793]|[7.755514673379366, 7.637813337334456, 4.390091087264268, 4.086471219088497, 3.385897314808312]|{'show_chunks': 0, 'show_questions': 2, 'category': 'Нет данных в БЗ, попробуйте вопрос из списка предложенных'}
шаблон на 7 управленний доступен только после оплаты?|29df1860-5de5-4a4f-908c-1da2998c5721|a1e1a451-318e-4a66-8b19-5a79a9e27b6d|[6.799877700124457, 6.767154367802959, 6.683333800766024, 3.750244991094484, 3.138630086142379, 3.081953143599496, 3.004105546117673]|[4.0180059528086165, 3.750244991094484, 3.735048505248469, 3.727642321582276, 3.6322984400175105]|{'show_chunks': 0, 'show_questions': 0, 'category': 'Нет данных в БЗ, попробуйте переформулировать вопрос'}
Забыл пароль. Как восстановить?|c69f6eca-d352-475a-9e22-ee5fd1c428e7|e004a99e-cb9d-4881-b650-29afdace13c1|[8.305114642095019, 8.240074870875716, 8.216514948365873, 7.883656728576366, 7.814254932065417, 5.247607766622242, 3.1726344184894297]|[5.38207215932294, 5.217621413213299, 5.1366178239599, 5.119698455260661, 4.752921385731986, 4.532642229338559, 4.464304286170541, 4.3718118571199165]|{'show_chunks': 5, 'show_questions': 0, 'category': 'Есть данные в БЗ'}
Почему уволенный сотрудник отображается в структуре компании?|31078268-da49-4960-8270-658a87afd4c6|43b682c1-902e-4e26-bd96-510e4fe10dca|[8.553139306692385, 7.88606044821308, 7.643766340591546, 4.051352043157198, 3.50351542559584]|[9.454885690810782, 4.874800212254617, 4.764316673182719, 4.305825969055017, 3.9943332005239207]|{'show_chunks': 3, 'show_questions': 1, 'category': 'Есть данные в БЗ, если не получили ответ, попробуйте вопрос из списка предложенных'}
И как добавить к основной должности сотрудника дополнительные?|7b6fbbca-990c-4573-86c3-d618e9d85e0f|a37b97e2-e8a5-4d9c-86c6-af96b5c12141|[10.425834332807527, 9.615298190205792, 9.379276018344589, 8.657224376887658, 6.350016246703111, 4.06692289138811, 4.0359650203227]|[12.120689505700126, 6.350016246703111, 5.736169515867132, 5.551245622664091, 4.837735523709054, 4.445766265065828]|{'show_chunks': 3, 'show_questions': 1, 'category': 'Есть данные в БЗ, если не получили ответ, попробуйте вопрос из списка предложенных'}
Подскажите, как из моего аккаунта можно удалить проект|27b907db-a2d7-45fe-9278-bc9e2005e2c6|f9fff15d-089e-4bed-b022-91fd87ef7690|[6.8352892176165385, 6.781002477128492, 6.4468669918713175, 6.335578804714573, 3.5300875756383117, 3.3977513198849434, 2.9594811898876903]|[7.785373875968345, 3.927140623390729, 3.7385695659798786, 3.5300875756383117, 3.301138156864319]|{'show_chunks': 0, 'show_questions': 1, 'category': 'Нет данных в БЗ, попробуйте вопрос из списка предложенных'}
А как-то можно интегрировать склад кассы aqsi, что бы данные автоматически сюда подтягивались|55b6b699-a484-4756-8f95-ba0026a4ce10|bfa54f80-9bfc-4b08-bcd0-aa6e5d768a87|[7.88021040160585, 7.416528886200508, 7.390311623631312, 6.9516708489133645, 6.460850867626199]|[8.297645123762303, 7.789977445712422, 7.067184142280379, 3.4813915924759584, 3.4021071825371156, 3.3701261656786285]|{'show_chunks': 1, 'show_questions': 3, 'category': 'Есть данные в БЗ, если не получили ответ, попробуйте вопрос из списка предложенных'}
кто из сотрудников может подавать заявку на расход|060fe14b-2bad-4f9a-b0ab-acce8d38d84d|0d8c6317-b8d1-4528-a525-ab4bb6976089|[9.059924570129889, 7.913224874435196, 7.0660270342807605, 6.975792364721821, 6.929654026715034, 5.300458717407866, 4.478890460409168]|[10.717162681994541, 5.300458717407866, 4.812801997500829, 4.478890460409168, 3.753874986407286, 3.659251853267133, 3.6398667561669966]|{'show_chunks': 2, 'show_questions': 1, 'category': 'Есть данные в БЗ, если не получили ответ, попробуйте вопрос из списка предложенных'}
Почему периоды в финплане отображается со вторника, а не с понедельника|722d6703-c373-4050-826d-1c80d47f40ea|914284e3-3063-476e-ae4b-fd19478e4d3c|[6.43363048692709, 6.195343156910559, 6.116061714883371, 3.309032692869429, 2.9662409457620003, 2.927330484150534]|[6.669240328767015, 6.565954767231936, 3.3622679314472514, 3.309032692869429, 3.181926390095322]|{'show_chunks': 0, 'show_questions': 1, 'category': 'Нет данных в БЗ, попробуйте вопрос из списка предложенных'}
можно ли быстро перенести метрики от одного сотрудика к другому|2d9f5151-d915-405f-b670-3ab3529667f3|e29ce627-41ee-4b78-8b3a-7ccb5009d5e2|[9.86886412398837, 9.444636746781129, 8.54579596451014, 4.734461693669288, 4.326967749456395, 3.923610208130845]|[11.300386718442432, 9.967716763860636, 4.734461693669288, 4.662377567963762, 4.2910456235836945]|{'show_chunks': 3, 'show_questions': 2, 'category': 'Есть данные в БЗ, если не получили ответ, попробуйте вопрос из списка предложенных'}
И могут ли руководители, которым выданы метрики делегировать их своим подчиненным|a4667a1b-2de5-4e2f-adf9-095430e6597c|ff60eeb4-e163-45c8-9316-df6c32201c8a|[6.621353899417336, 6.184488937674739, 6.036467221761279, 5.990436134693231, 3.4059351670712816, 3.137105665079529, 3.0030908507863256]|[7.4380914981651625, 3.589842312798403, 3.4059351670712816, 3.354471744982653, 3.2643740200266973, 3.026597345244495, 2.9624253399673477]|{'show_chunks': 0, 'show_questions': 1, 'category': 'Нет данных в БЗ, попробуйте вопрос из списка предложенных'}
Можно в Платруме создавать скрипты продаж, если да, то как это сделать|232f2242-0093-4cc5-954a-b87f332e9c76|c691f325-7023-4151-a4ed-0666a71785ea|[7.318544907082276, 6.92657928394625, 6.867387088855391, 3.7196616851954514, 3.5009682993979028, 3.4909877826364246, 3.3245929719758474]|[4.3173862046142455, 3.8422589452691835, 3.7529496189162153, 3.7196616851954514, 3.624479232208777, 3.4638105926782963]|{'show_chunks': 0, 'show_questions': 0, 'category': 'Нет данных в БЗ, попробуйте переформулировать вопрос'}
как мне можно скачать оргсхему|e2869984-fdd8-4bc8-91ff-6bddeffafcf3|cb476688-6a53-4f3c-85c7-1b6921768faf|[6.136977126949688, 5.868592528492808, 5.837813234270357, 3.3841557308831045, 3.1830480446808664, 2.768035141071127, 2.747328156647926, 2.6796739199705093]|[3.5025415385180665, 3.3841557308831045, 3.2224386557051, 3.1830480446808664, 3.15360728780859]|{'show_chunks': 0, 'show_questions': 0, 'category': 'Нет данных в БЗ, попробуйте переформулировать вопрос'}
Какой типа шаблона оргструктур подходит для общепита лучше всего|7773b5d5-bdf8-4abf-bb24-f8bfeff714ac|56021109-4699-49f1-be5b-6b3ea2c029e0|[6.853785073999645, 6.468554695302933, 6.289785663174195, 6.125963804367991, 2.9267541960230186]|[7.891283414699817, 7.441966627588807, 7.258457161373168, 3.6292026672792774, 3.6071237680961246, 3.3505079018605595, 3.3005273752666264]|{'show_chunks': 0, 'show_questions': 3, 'category': 'Нет данных в БЗ, попробуйте вопрос из списка предложенных'}
как добавить сотрудника , не отправляя ему приглашения ?|b94c9e18-15d2-470c-93da-44393dae0acc|a37b97e2-e8a5-4d9c-86c6-af96b5c12141|[9.711955898304518, 8.862637752346116, 7.862147216377444, 7.717819428287765, 7.373635683538559, 3.710283591876271, 3.2931189480370304]|[12.009582774913774, 5.642208164432754, 4.73832802465921, 4.706663109432366, 4.109866283472766, 4.0023287972043935]|{'show_chunks': 2, 'show_questions': 1, 'category': 'Есть данные в БЗ, если не получили ответ, попробуйте вопрос из списка предложенных'}
Не получается добавить сущность в бизнес процесс|1c07ea22-eac2-4a63-96f6-953935eca8e3|7aa81280-2b14-40c9-abce-3256bd6d075b|[7.11049172424505, 6.831009003505688, 6.801176710010383, 6.605029127105773, 3.371583645226428, 3.2577962943311247]|[7.107716615593541, 6.721933225062067, 3.707001916559614, 3.371583645226428, 3.203545488872372, 3.1833122737526027, 3.170354421483906]|{'show_chunks': 0, 'show_questions': 2, 'category': 'Нет данных в БЗ, попробуйте вопрос из списка предложенных'}
как мне добавить статью в базу знаний?|d3be2052-b9ef-4dc8-9cea-12a7c3067d9a|6db0b113-d171-41d6-a302-7512ac821760|[12.00060153131368, 11.306278316527143, 11.158004097877116, 9.252588592197451, 8.273630392637319, 4.0980725481649225, 4.0357701213848625]|[14.181834012041344, 8.273630392637319, 8.14783736879283, 7.217528771389322, 5.274654850485251]|{'show_chunks': 3, 'show_questions': 1, 'category': 'Есть данные в БЗ, если не получили ответ, попробуйте вопрос из списка предложенных'}
поля для досок единые или у каждой достки свои?|56e0e3e0-36ea-4dbc-a4f3-55100fa02e4b|728b2a35-63c0-4c81-bf76-5f37b9c53b47|[7.907109649509847, 7.73887123104209, 7.408562300778584, 6.811370769684531, 3.464653227308641]|[8.463976816642056, 8.348688744766896, 7.997479154299068, 5.057623975306982, 3.7233797697490885, 3.6481860527013343, 3.5370990574217247]|{'show_chunks': 2, 'show_questions': 3, 'category': 'Есть данные в БЗ, если не получили ответ, попробуйте вопрос из списка предложенных'}
на бесплатном пробном периоде не могу попробовать создать структуру, метрики|9cc45678-a12a-4cc0-afdf-e18d39905ca5|c7a384ed-5b7d-447d-8959-5138f012278e|[6.142349996006596, 5.803106510001154, 3.122094718634536, 2.983583654504145, 2.938255570476945, 2.869052205748941]|[6.376492338320018, 6.051159114615494, 3.0816129244969552, 2.983583654504145, 2.955508516377432]|{'show_chunks': 0, 'show_questions': 0, 'category': 'Нет данных в БЗ, попробуйте переформулировать вопрос'}
как добавить должность?|7b6fbbca-990c-4573-86c3-d618e9d85e0f|a37b97e2-e8a5-4d9c-86c6-af96b5c12141|[9.526208205370885, 9.375730473825476, 9.309577653648654, 8.957535049396473, 3.8885393979273286, 3.833030786652214]|[10.95258841088488, 10.690581309823063, 5.740196252856888, 5.447831241823751, 4.719380505245978]|{'show_chunks': 4, 'show_questions': 2, 'category': 'Есть данные в БЗ, если не получили ответ, попробуйте вопрос из списка предложенных'}
Можно ли поменять язык интерфейса на английский или надо делать новый аккаунт?|6810eb6f-21c7-4fa7-8027-fd1f53ac7d19|4c9f5a5d-0770-43a8-9e9c-4fef53adbdb5|[9.160481468505482, 8.472809009215048, 3.830223975153748, 3.4517962966449165, 3.173387243211834]|[12.225013705622034, 8.887798534333257, 8.532503878458163, 3.830223975153748]|{'show_chunks': 2, 'show_questions': 1, 'category': 'Есть данные в БЗ, если не получили ответ, попробуйте вопрос из списка предложенных'}
Можно ли через бесплатный аккаунт дать доступ на просмотр члену команды?|4e45abcb-08d2-4173-8e88-815fe922d4ba|2f622ec5-c1ac-4ae8-b4e4-dc0b406a9574|[7.709405196328385, 4.822546472679787, 4.460394403642285, 4.405521496597594, 3.3221209975462123, 3.226775525904556, 3.198584915597586, 3.182081491115152]|[4.822546472679787, 4.562859881182776, 4.460394403642285, 4.405521496597594]|{'show_chunks': 1, 'show_questions': 0, 'category': 'Есть данные в БЗ'}
Можно ли в оргсхеме добавить поле компенсации?|14705fea-e1a5-4403-8b8d-e0deac0496c7|4af00aa1-f74a-431e-aaf9-3054f7bf6f5d|[7.534009786130172, 7.383397552115861, 6.9778948348797405, 2.881615428922256, 2.8469314260139527]|[9.343124464710469, 8.89785192144921, 4.320558830062224, 4.2459630400724215, 3.7177251015120665]|{'show_chunks': 1, 'show_questions': 2, 'category': 'Есть данные в БЗ, если не получили ответ, попробуйте вопрос из списка предложенных'}
как можно поменять почту у действующего сотрудника в Платрум, чтобы ему повторно не проходить курсы.|cbfb68bc-524c-4797-87ee-7d6b3c09c109|00e8d565-e112-48b5-9d56-f146ac02cd68|[7.042681859919602, 6.98789820763736, 3.9566554063296238, 3.741846472746786, 3.7388478381839825, 3.6952718551415695, 3.218225159302684, 3.208906556742423]|[3.9566554063296238, 3.8186756715571506, 3.741846472746786, 3.6952718551415695, 3.4922609022726983]|{'show_chunks': 0, 'show_questions': 0, 'category': 'Нет данных в БЗ, попробуйте переформулировать вопрос'}
как можно закрыть доступ к файлу с документами всем сотрудникам ?|6a340e71-d11d-47d2-bec6-f864bb002cf6|c75fc1c1-e650-46f7-b3a9-03b3b254ed85|[9.235865492900224, 8.717340313534223, 8.21536697257785, 5.8563045699932745, 5.842113322550791, 3.572326652988929, 3.3278037928183677]|[10.625836188283042, 6.0228525847099705, 5.8563045699932745, 5.842113322550791, 5.041732215553891, 4.6357304193200015]|{'show_chunks': 3, 'show_questions': 1, 'category': 'Есть данные в БЗ, если не получили ответ, попробуйте вопрос из списка предложенных'}
почему долларовые остатки в рублях показываются?|43ae76d2-b135-41a1-a277-cc5b205bf3f9|5b3e1b1f-2772-4d57-86a9-04e621de7455|[8.062319806673942, 7.893674643299754, 7.255569732902909, 4.068004659341427, 3.2908862142241855]|[9.42883213609528, 9.39363631839783, 7.80801930082896, 4.068004659341427, 3.593098649494602, 3.544834115752546]|{'show_chunks': 2, 'show_questions': 2, 'category': 'Есть данные в БЗ, если не получили ответ, попробуйте вопрос из списка предложенных'}
Как мне из основного акаунта скопировать схему?|61689bab-35de-442a-9196-1f7f8e82dd4d|abf551c7-9620-4901-9859-1037a6f50ab8|[7.380218906345147, 6.81491749670456, 3.9326758564658597, 3.9205230911093345, 3.223138520745049, 3.1325322080734903, 2.897672142385323]|[8.88437654523657, 3.984383280529911, 3.9326758564658597, 3.9205230911093345]|{'show_chunks': 0, 'show_questions': 1, 'category': 'Нет данных в БЗ, попробуйте вопрос из списка предложенных'}
что не входит в наш тариф?|ecfa91c1-fe52-47fe-b28e-2019197de2c9|ee55187c-febd-408a-92b6-0edd04fa6d64|[6.993561173280516, 6.882598981538917, 6.758107141079867, 6.69284066597663, 6.580315775299031, 3.3850047852904197, 3.2952980785302812]|[4.155576880433466, 3.9514973313545876, 3.932222823403702, 3.870703063311608, 3.702987049534015, 3.6013077191642937, 3.441769666782232, 3.27090183570349, 3.2520063100942025]|{'show_chunks': 0, 'show_questions': 0, 'category': 'Нет данных в БЗ, попробуйте переформулировать вопрос'}
если у сотрудника в настройках доступов стоит галочка Изменение значений всех статистик, то он может заполнять любые статистики, не зависимо, есть у него просроченные курсы или нет?|4e45abcb-08d2-4173-8e88-815fe922d4ba|27983f2b-326f-4cf3-ab00-c28c3e19cf70|[7.423900929749173, 4.27433395756268, 4.1684869968459095, 4.071937444370938, 3.8385667460895263, 3.7950702046149196, 3.749712746244245, 3.738493339954402]|[4.27433395756268, 4.071937444370938, 3.7950702046149196, 3.738493339954402, 3.7094521713569284]|{'show_chunks': 0, 'show_questions': 0, 'category': 'Нет данных в БЗ, попробуйте переформулировать вопрос'}
Можно ли о тестов убрать количества ошибок?|7bb39aff-60db-4daf-bc2e-815fa5ca4f29|6f5f63d3-78f9-4937-8ad6-97c0c6bf577e|[7.647992901092477, 7.442305869669003, 7.309476267197778, 7.131518800820379, 6.8484276427022515, 6.793254051657632, 3.0274982335911194]|[8.222595079364183, 4.729344163956756, 4.442962152021658, 4.092141138879658, 4.007579595335698, 3.7891299646714534]|{'show_chunks': 1, 'show_questions': 1, 'category': 'Есть данные в БЗ, если не получили ответ, попробуйте вопрос из списка предложенных'}
А можно ли в задаче сразу бронировать пространство?|a943bca9-32ac-40db-a6a4-22955ded99c6|c09a66db-3bdc-4d75-9ca6-556e93ac8b97|[7.314229794136074, 3.8019779004523246, 3.219835945358109, 2.747575615494378, 2.7177132949010607]|[8.020216402510535, 7.633467252087267, 7.580547245138046, 3.8019779004523246, 3.750152361250117, 3.6798382357182735, 3.457032953175187]|{'show_chunks': 0, 'show_questions': 3, 'category': 'Нет данных в БЗ, попробуйте вопрос из списка предложенных'}
Как удалить данные старого сотрудника?|90fef5e9-d73c-4269-86f0-85ba5a96ae4a|8974f359-72ba-463d-a0ea-65c327e0eb2f|[10.724782871162855, 10.46155069555829, 6.289385612873562, 3.558610689778708, 3.4782576966630137, 3.4042506220179964]|[12.811463537789463, 7.947128143955942, 6.79806133958821, 6.289385612873562]|{'show_chunks': 2, 'show_questions': 1, 'category': 'Есть данные в БЗ, если не получили ответ, попробуйте вопрос из списка предложенных'}
подскажите как удалить демо данные из разделов|ee0b5f82-e07f-473a-8a85-6f0e5e7a1ffc|165e4773-f655-4fb5-9a32-5d795c5275e3|[7.6661513606164045, 7.285577256981043, 7.279164152115898, 6.47256429438632]|[8.32393522417422, 7.871769327332184, 7.009199325116838, 6.725345893671394, 3.279936439220004, 3.1341742583683074, 3.1037590668899844, 3.0333132223959303]|{'show_chunks': 1, 'show_questions': 2, 'category': 'Есть данные в БЗ, если не получили ответ, попробуйте вопрос из списка предложенных'}
Если по менеджеру была проведена проверка и были выявлены нарушения, есть ли уведомления на такие действия?|209320cd-4f09-49d2-8c50-162181f3f973|63942e7d-d9b0-4feb-8ec2-7f631c7a57af|[7.773730732294348, 6.85133012256043, 6.601180073772783, 4.194828353544193, 2.911682923078899, 2.903179509080517]|[10.502138413046973, 7.758475308127084, 4.194828353544193, 3.9763323931230743, 3.658879172179704]|{'show_chunks': 1, 'show_questions': 1, 'category': 'Есть данные в БЗ, если не получили ответ, попробуйте вопрос из списка предложенных'}
есть ли возможность переносить колонку с задачами целиком на другую доску|42692010-f283-4298-b134-f9280cb0d274|a647c4c7-7d29-4f5f-87a9-cd4ba972feef|[7.255851273760519, 7.1767237742623315, 6.89148248065062, 4.0433644470604015, 3.701229451100201, 3.594339924799844, 3.523519668776194]|[7.518196390045073, 4.194465224757076, 4.0433644470604015, 3.68792108737427, 3.5596994673780458, 3.4821408965198755]|{'show_chunks': 0, 'show_questions': 1, 'category': 'Нет данных в БЗ, попробуйте вопрос из списка предложенных'}
Как сделать так, чтобы тренер видел материалы курса, где он тренер?|5f00f7c5-3f2d-4e8f-8552-f4d8bffed666|46ac93ea-f3cc-4009-bcf0-c210b4ac7b8d|[7.823677920949191, 7.720602343913008, 7.698111954849774, 7.577353682014592, 7.414292743961779, 7.182556407378652]|[8.56499169171532, 8.507376290120261, 4.22049321552564, 4.092868396105128, 4.063533645943909, 4.052183050187961, 4.018515544451307, 4.01368419743139, 3.879991692942285]|{'show_chunks': 4, 'show_questions': 2, 'category': 'Есть данные в БЗ, если не получили ответ, попробуйте вопрос из списка предложенных'}
Почему не ставятся автоматические курсы ?|6727190c-5616-4d6f-8911-d9ca09839807|80ce4faf-8cca-4639-8fc2-5f13aa61bdc9|[7.676223491053534, 7.38301301180506, 7.357121088934289, 7.3287809513148545, 7.236693635438726, 4.384454503474825, 3.280131062785342]|[4.691910425012759, 4.384454503474825, 4.358474382147709, 4.195888997068643, 4.106802665678879, 4.069776224014561, 3.9253920720595095]|{'show_chunks': 1, 'show_questions': 0, 'category': 'Есть данные в БЗ'}
как можно добавить видео с хостинга Vimeo в обучение?|cdde4189-adff-47f4-89f8-5f2be35d03e4|29e0b896-10c1-4fbf-9f14-bfc88087e539|[7.230093516115394, 7.226119118490125, 7.069454268341845, 6.790844784938205, 6.765017793367963, 3.9345743839452108, 3.09714244890413]|[7.7066689891027105, 4.3497888330066345, 4.33864334254586, 3.9345743839452108, 3.7134946396615245, 3.6298229702504172, 3.4339340030820478]|{'show_chunks': 0, 'show_questions': 1, 'category': 'Нет данных в БЗ, попробуйте вопрос из списка предложенных'}
Подскажите, пожалуйста, где можно изучить описание модуля Бизнес- процессы|0ebc35ed-6c83-4627-a3b6-84b7b442b3fc|8c2535a9-ad42-4c37-808d-757fb1197f23|[8.451202113904738, 8.18837346415234, 8.121632580416222, 7.885031474236294]|[10.038521890511095, 9.245959852897057, 9.08911704389985, 8.646779767326692, 4.158849805408889, 3.7065400136356144, 3.6026366743562868, 3.4263931809587955, 3.414865618107246]|{'show_chunks': 4, 'show_questions': 4, 'category': 'Есть данные в БЗ, если не получили ответ, попробуйте вопрос из списка предложенных'}
можно ли в базе знаний поставить ограничение по времени прохождения урока?|7bb39aff-60db-4daf-bc2e-815fa5ca4f29|6f5f63d3-78f9-4937-8ad6-97c0c6bf577e|[8.723505383774684, 8.012395782111167, 7.43390328719249, 4.59629101596531, 3.942018279385333, 3.349782737130796]|[10.547572618421242, 8.479916561566235, 4.59629101596531, 3.942018279385333, 3.856333043868815, 3.5373201765917472]|{'show_chunks': 2, 'show_questions': 1, 'category': 'Есть данные в БЗ, если не получили ответ, попробуйте вопрос из списка предложенных'}
Как выдать доступ сотрудникам к определенным возможностям platrum?|4ac45caf-b573-4274-a526-a705548bd119|016aef2e-30f6-48ff-81e2-9d910e294159|[11.00037289704074, 10.767923902450775, 10.250303551610397, 10.171871124100065, 6.479559015627192, 5.908194384382312, 4.534825154562378, 4.292232354219609]|[6.817033750830811, 6.772415146085214, 6.479559015627192, 5.908194384382312, 5.781010811043632, 5.65136984247982]|{'show_chunks': 4, 'show_questions': 2, 'category': 'Есть данные в БЗ, если не получили ответ, попробуйте вопрос из списка предложенных'}
как я могу удалить сотрудников?|90fef5e9-d73c-4269-86f0-85ba5a96ae4a|8974f359-72ba-463d-a0ea-65c327e0eb2f|[11.931228734886403, 10.883263600696267, 9.115933516531243, 8.330994601053575, 7.015327773244377, 3.945169504657977]|[10.732539656773618, 8.094578506678774, 7.015327773244377, 6.9484756271180474, 6.643192270760946, 6.400725179816591, 4.590099689815907, 4.586689871841847]|{'show_chunks': 2, 'show_questions': 1, 'category': 'Есть данные в БЗ, если не получили ответ, попробуйте вопрос из списка предложенных'}
что делает поле Статус в отчете Контроля качества?|eabe86a9-fc5a-434f-b097-2d1517009312|e5e147bf-5528-4fb1-8629-cf8ae406df68|[8.970775438030127, 8.440822621096137, 8.114829240447435, 7.6499995233710205, 3.729299508886675]|[10.142257124235256, 9.613660539495788, 9.042693121561939, 4.519430715839839, 4.456143067522434, 4.3337774168854475]|{'show_chunks': 4, 'show_questions': 3, 'category': 'Есть данные в БЗ, если не получили ответ, попробуйте вопрос из списка предложенных'}
как дать доступ только к одному боку бвзы знаний?|d1e48869-c135-4a8b-a446-4e67f13a93e6|5555e1aa-c105-488f-8ac7-892efd74b0e1|[7.421350376451529, 6.95520728033297, 4.45070169209112, 4.397827773142429, 4.2997097726862386, 3.079048698702529, 3.0425208439554368, 3.0055718001203147]|[4.4791849200491, 4.45070169209112, 4.397827773142429, 4.2997097726862386, 3.9203302503317237]|{'show_chunks': 0, 'show_questions': 0, 'category': 'Нет данных в БЗ, попробуйте переформулировать вопрос'}
"какое время хранения версий в разделе ""История версий""."|7eccfaa7-0e84-462d-8e33-318875f9f448|7fe7bc6a-8e2f-4c14-9779-f07567bd001d|[7.24624454707023, 7.05647648368623, 6.3671099447561215, 6.116876300841517, 3.4693660800989945, 3.411189541728841, 3.394671686542517, 3.1647129149824225]|[3.4693660800989945, 3.4162253649380507, 3.411189541728841, 3.394671686542517, 3.3788314714453445, 3.3439547092010686, 3.3093845101416526, 3.241302045005934, 3.192678836572134]|{'show_chunks': 0, 'show_questions': 0, 'category': 'Нет данных в БЗ, попробуйте переформулировать вопрос'}
Какое максимальное количество версий по одной статье?|e01e548b-8b95-453f-9617-df4283788f44|7fe7bc6a-8e2f-4c14-9779-f07567bd001d|[7.827441730367717, 6.969807711240925, 6.607247558572814, 6.220979166386391, 4.451449196437135, 3.3748051320033294, 2.9600662614396303]|[9.654667296141081, 4.451449196437135, 4.26045339711361, 4.112332868923743, 3.411677192834045]|{'show_chunks': 1, 'show_questions': 1, 'category': 'Есть данные в БЗ, если не получили ответ, попробуйте вопрос из списка предложенных'}
Сколько хранится самая последняя версия?|45417cb5-a536-4216-aa77-1dd69cbf9bbe|7fe7bc6a-8e2f-4c14-9779-f07567bd001d|[6.06806464867617, 3.4675318609102974, 3.400180738042723, 3.3202709062360602, 2.847112357245296, 2.556694313161838, 2.533579424283692]|[6.684786986169897, 3.4675318609102974, 3.400180738042723, 3.3202709062360602]|{'show_chunks': 0, 'show_questions': 1, 'category': 'Нет данных в БЗ, попробуйте вопрос из списка предложенных'}
как можно сделать бэкап всего проекта в отдельный проект или каким-либо другим образом.|6e29cd2d-c305-4628-bc77-7b345140fb64|87036923-3d89-4e1c-b6ed-456e5a8fd6d2|[7.475284931617658, 3.9083878416388322, 3.8296534900997417, 3.8097540892961073, 3.221826329723188, 3.1934649114542024, 3.0840218310714187]|[8.031534883394542, 3.9083878416388322, 3.8296534900997417, 3.8097540892961073]|{'show_chunks': 1, 'show_questions': 1, 'category': 'Есть данные в БЗ, если не получили ответ, попробуйте вопрос из списка предложенных'}
как поменять тип структуры?|c4d34084-e60d-401e-8d07-48e64cb33be1|18a05b68-3df7-421c-b88d-058038a32939|[8.459277288301518, 8.221491556827502, 8.185339431311366, 7.565498145330078, 6.954533414445054, 5.0021149219393]|[10.421848026889354, 9.982487436705666, 5.300874046857329, 5.0021149219393, 4.454361897044685, 4.137502299678859, 3.8400581551775974]|{'show_chunks': 4, 'show_questions': 2, 'category': 'Есть данные в БЗ, если не получили ответ, попробуйте вопрос из списка предложенных'}
я удалил сотрудников, но их задачи до сих пор у меня в делегированных, как их удалить?|4933f743-9e1d-402d-96a7-fc922ac51ee8|8974f359-72ba-463d-a0ea-65c327e0eb2f|[7.375575513165749, 7.1715197900426935, 6.906070007381418, 6.902765816396877, 3.294272512568616]|[8.514666034135494, 8.464709975030512, 7.921401744744531, 4.04958890334721, 3.9233964197627005, 3.668766097250243, 3.586179801519677]|{'show_chunks': 0, 'show_questions': 3, 'category': 'Нет данных в БЗ, попробуйте вопрос из списка предложенных'}
Подскажите, можно ли сделать метрики своих подчиненных доступными другим подчиненным?|3572a426-248f-49b0-b66f-8df04f8d69ee|cb6efd45-d496-469e-9fd3-c324379097a4|[8.958765630539606, 8.907401554687127, 8.799889202417297, 5.829802671173757, 5.726580547199351, 3.718387986416988, 3.699334847122441, 3.627826195262198]|[5.829802671173757, 5.726580547199351, 5.381650914118271, 5.346368144507185, 5.0354403154785645]|{'show_chunks': 3, 'show_questions': 0, 'category': 'Есть данные в БЗ'}
я создал новый проект и на орг схеме не вижу возможности указать ЦКП|8bab5ecd-1fe8-426c-b978-b101d390572b|037df14a-de22-497c-9ed1-5b6ad4fea841|[6.579062978311551, 6.432138293202712, 3.3091012228349306, 3.048131220023477, 2.990173209305509]|[6.902981104225436, 6.609974891709021, 6.5740160830499885, 3.3091012228349306, 3.2611407917256687]|{'show_chunks': 0, 'show_questions': 3, 'category': 'Нет данных в БЗ, попробуйте вопрос из списка предложенных'}
Как передать метрики?|b7aa1a22-d2be-48e7-8000-701a5d18bdf7|7116cc85-14d8-4415-828f-28180179d4b3|[12.030801286647627, 11.942743497547529, 10.547412089481899, 10.414982119042143, 5.495136832124044]|[17.272769600749296, 14.996300358344127, 13.83729286751872, 6.815174240784761, 6.435336242181404]|{'show_chunks': 4, 'show_questions': 2, 'category': 'Есть данные в БЗ, если не получили ответ, попробуйте вопрос из списка предложенных'}
Как добавить сотрудника?|7b6fbbca-990c-4573-86c3-d618e9d85e0f|a37b97e2-e8a5-4d9c-86c6-af96b5c12141|[27.60185917191665, 10.815034847122678, 10.507448251332711, 10.112209388077357, 9.757871641954234, 9.403338391755522, 5.9426955411052695]|[44.2948494776536, 7.016219649971385, 6.787047937131312, 5.9426955411052695, 5.61009583553472, 5.429656800398198, 5.243153627079913]|{'show_chunks': 1, 'show_questions': 1, 'category': 'Есть данные в БЗ, если не получили ответ, попробуйте вопрос из списка предложенных'}
Как выдать доступы сотруднику?|388087c9-5f5d-46fc-aecc-2a0be971b367|c75fc1c1-e650-46f7-b3a9-03b3b254ed85|[15.667741079173458, 14.453725389762724, 12.294897327381651, 12.050010624276009, 9.206326586074162, 3.7169945128677426, 3.604537658522311, 3.573868005676534]|[12.1644293991194, 11.061426902073068, 9.206326586074162, 8.85142873987933, 8.453103063095654]|{'show_chunks': 2, 'show_questions': 2, 'category': 'Есть данные в БЗ, если не получили ответ, попробуйте вопрос из списка предложенных'}
Ваша учетная запись отключена - почему и что делать?|781c2210-3154-4c6e-8f9a-2263f2b74bb0|77fe6ce6-f59a-423d-b1ac-6b62381cb363|[6.714910052599151, 6.677214083362212, 6.594313297013074, 6.418880862737129, 3.5513043842708685, 3.543965882717511, 2.9445733372203002]|[7.254680278620571, 3.8068175578321592, 3.5513043842708685, 3.543965882717511, 3.5372030881238623, 3.5144870961518357, 3.396832242137549, 3.313656009526268]|{'show_chunks': 0, 'show_questions': 1, 'category': 'Нет данных в БЗ, попробуйте вопрос из списка предложенных'}
Как распечатать структуру?|e2869984-fdd8-4bc8-91ff-6bddeffafcf3|01a2f57b-560b-4b2c-a61f-7a13b9780317|[10.448677633143738, 10.131206364013632, 8.160167189064735, 8.108769374210652, 7.982974029695502, 5.042653561206121]|[12.40884842975763, 12.394436683370657, 5.237744555143199, 5.042653561206121, 4.905186999623718, 4.9002055623933565]|{'show_chunks': 2, 'show_questions': 2, 'category': 'Есть данные в БЗ, если не получили ответ, попробуйте вопрос из списка предложенных'}
Пропали метрики после смены структуры, как вернуть?|b7aa1a22-d2be-48e7-8000-701a5d18bdf7|cc3ef8a3-c54a-4c09-8fc5-5027e55f6680|[7.031995228335467, 6.966895021552862, 6.89305947845452, 6.869190056529878, 6.6310230715013905, 4.02980847727287, 3.334274226364236, 3.0740676407104877]|[4.215800630904521, 4.02980847727287, 3.921406461857994, 3.901621883591446, 3.822061923121434, 3.575507079527955, 3.5483206869064485]|{'show_chunks': 0, 'show_questions': 0, 'category': 'Нет данных в БЗ, попробуйте переформулировать вопрос'}
Как заполнить метрики за предыдущие периоды?|e16aba65-aa74-4880-a5ca-6d66cf588eb2|50c6b08d-d850-4bcf-be9c-c60fb42ed935|[10.243784074137753, 10.102675286768235, 9.73179806822496, 9.425468471876798, 9.097095858924368, 9.039484662565506, 3.9746904296884256]|[12.37768761846935, 9.73179806822496, 6.581440005397833, 5.862487698919339, 5.103395431398969, 4.684368261656726]|{'show_chunks': 6, 'show_questions': 1, 'category': 'Есть данные в БЗ, если не получили ответ, попробуйте вопрос из списка предложенных'}
Как восстановить пароль?|58afcc83-acf7-4231-adcc-2064aaef9fd1|639db05a-aa60-42f8-b90e-c88e7718c00e|[11.634717297787228, 11.03982071089444, 10.368652545856431, 9.564224673805581, 9.546951377388876, 7.2116194255151, 6.881803561432084]|[16.508375048783677, 7.822513250181637, 7.2116194255151, 6.881803561432084, 6.754509725611892, 5.9882282164807465, 5.972552315673645, 5.789134100474879]|{'show_chunks': 3, 'show_questions': 1, 'category': 'Есть данные в БЗ, если не получили ответ, попробуйте вопрос из списка предложенных'}
Как восстановить удаленную статью?|7eccfaa7-0e84-462d-8e33-318875f9f448|91f82757-690d-4d25-bad1-134e9eae5cf1|[7.527139633426213, 7.309264309512702, 6.927695391513291, 4.792555052828263, 4.5482425499325645, 3.4900625923236253]|[8.43337447395805, 8.180971866172102, 4.792555052828263, 4.5482425499325645, 3.962315854881017, 3.856855203469079, 3.843105634680369, 3.7649246923772757]|{'show_chunks': 1, 'show_questions': 2, 'category': 'Есть данные в БЗ, если не получили ответ, попробуйте вопрос из списка предложенных'}
Как добавить на должность сотрудника?|7b6fbbca-990c-4573-86c3-d618e9d85e0f|a37b97e2-e8a5-4d9c-86c6-af96b5c12141|[17.290794931233894, 13.717587815364901, 12.86956910266668, 11.981361695711257, 11.245148665361558]|[23.240760572045456, 17.441007671210517, 14.47458616725084, 8.203291542411161, 6.507829115924911, 6.376809192490916, 5.340665924112397, 5.320837755546855]|{'show_chunks': 1, 'show_questions': 1, 'category': 'Есть данные в БЗ, если не получили ответ, попробуйте вопрос из списка предложенных'}
